{
  "accuracy": 0.9237,
  "top1": 0.9236999750137329,
  "top5": 0.9991000294685364,
  "f1": 0.9238133946638283,
  "precision": 0.9240975999999999,
  "recall": 0.9237,
  "sparsity": 45.30,
  "latency_ms": 7.05213500186801,
  "model_size_mb": 5.863380432128906,
  "total_params": 1537050,
  "param_reduction": 0.005818938876419155,
  "training_time_s": 5565.139211893082
}