{
  "train_loss": [
    0.6257285780705512,
    0.4652628648407757,
    0.39787260194048285,
    0.32583433714397253,
    0.2810867334757
  ],
  "train_acc": [
    0.7876,
    0.84035,
    0.863275,
    0.886925,
    0.90195
  ],
  "val_loss": [
    0.6757006432533265,
    0.32896342076957225,
    0.28596423729509113,
    0.2451430394280702,
    0.22107385592497886
  ],
  "val_acc": [
    0.7655,
    0.8843,
    0.9005,
    0.9157,
    0.9233
  ],
  "sparsity": [
    0.0,
    0.0,
    0.0,
    0.0,
    0.0
  ],
  "lambda": [
    0.0001,
    0.0001,
    0.0001,
    0.0001,
    0.0001
  ],
  "lr": [
    0.001,
    0.0009046039886902864,
    0.0006548539886902863,
    0.0003461460113097138,
    9.639601130971379e-05
  ],
  "epoch_time": [
    694.5311100482941,
    1251.3810975551605,
    511.62194204330444,
    1523.5378386974335,
    1583.851669549942
  ],
  "stage": [
    "warm-up",
    "warm-up",
    "warm-up",
    "warm-up",
    "warm-up"
  ]
}